cust_id,gender,age,marital,country,income,education,occupation,adoption
101501,1,41,0,19,4,14,0,0
101502,0,27,0,19,4,13,1,0
101503,1,20,0,19,4,9,2,0
101504,0,45,1,19,1,13,3,1
101505,0,34,0,19,4,14,1,1
101506,0,38,1,19,4,9,4,0
101507,0,28,1,19,4,12,1,0
101508,0,19,0,19,4,9,1,0
101509,0,52,1,16,4,13,4,0
101510,0,27,0,19,5,13,1,1
101511,0,30,0,19,4,13,1,0
101512,1,30,0,19,4,15,0,0
101513,0,31,1,19,4,13,1,0
101514,0,45,0,19,5,9,1,0
101515,1,36,0,19,4,7,4,0
101516,0,33,1,19,3,12,3,0
101517,1,38,0,19,4,9,1,0
101518,0,22,0,18,5,3,5,0
101519,1,46,2,16,4,12,1,0
101520,0,39,1,19,1,9,6,1
101521,0,61,1,19,5,9,4,0
101522,1,39,0,19,4,14,0,1
101523,0,22,3,19,5,9,1,0
101524,0,38,1,19,4,9,7,0
101525,1,18,0,19,4,9,1,0
101526,0,40,1,19,4,15,0,1
101527,0,19,0,19,4,12,2,0
101528,0,52,4,19,4,9,8,0
101529,0,22,0,19,4,12,9,0
101530,0,34,1,19,4,13,0,1
101531,0,28,1,18,4,12,6,0
101532,0,37,2,19,2,9,7,0
101533,1,48,3,19,3,13,2,0
101534,0,38,1,18,2,11,4,0
101535,1,33,0,19,5,13,0,1
101536,0,59,1,19,2,6,8,1
101537,0,31,1,19,2,12,3,0
101538,0,39,1,14,4,11,8,1
101539,1,69,5,17,4,11,10,0
101540,1,35,0,19,5,12,10,0
101541,0,48,1,19,1,10,8,1
101542,1,59,0,17,1,14,0,1
101543,0,43,2,19,4,12,2,1
101544,0,24,0,19,4,9,2,0
101545,1,43,0,19,5,12,3,0
101546,1,48,2,19,4,9,8,0
101547,0,49,3,19,3,14,11,0
101548,1,26,0,19,2,12,2,0
101549,0,38,1,19,5,12,3,1
101550,1,35,2,19,4,4,12,0
101551,0,66,1,7,4,16,0,1
101552,0,28,0,19,1,13,0,0
101553,0,52,1,19,2,9,9,0
101554,0,64,1,19,4,12,1,0
101555,0,41,1,17,1,4,8,0
101556,1,64,5,19,2,12,10,0
101557,0,47,1,19,4,9,1,1
101558,1,27,4,19,4,5,10,0
101559,0,38,1,19,2,14,3,1
101560,0,46,1,19,2,15,0,1
101561,0,34,1,19,4,12,4,0
101562,0,54,1,19,4,9,8,0
101563,1,47,0,16,4,9,3,0
101564,0,46,1,19,4,14,1,1
101565,1,32,0,19,4,14,3,1
101567,0,49,1,19,3,9,6,0
101568,0,21,0,19,3,12,9,0
101569,0,49,1,19,4,11,1,0
101570,0,42,1,19,4,15,0,1
101571,1,25,0,19,5,10,4,0
101572,1,46,2,19,4,9,2,0
101573,0,34,1,19,4,7,7,0
101574,0,52,1,19,3,12,1,0
101575,1,28,1,5,5,9,10,0
101576,1,21,0,19,4,12,4,0
101578,0,54,1,19,4,9,8,1
101579,0,46,1,19,4,12,7,0
101580,0,43,1,19,2,9,7,1
101581,0,42,1,19,4,15,0,1
101582,0,35,1,19,4,9,8,0
101583,0,57,2,13,5,2,8,0
101584,1,27,0,19,5,9,3,0
101585,0,21,0,19,4,12,9,0
101588,0,21,0,19,5,12,0,0
101589,0,42,2,19,2,9,7,0
101590,0,47,0,19,4,14,0,0
101591,1,40,2,19,4,12,4,0
101592,1,35,1,19,4,10,4,1
101593,0,53,1,19,3,14,3,1
101594,1,18,0,19,3,12,4,0
101595,0,26,1,19,4,13,4,1
101596,0,23,0,19,1,9,9,0
101597,0,18,0,19,4,7,9,0
101598,1,32,0,19,3,12,2,0
101599,0,51,2,19,1,9,8,0
101600,0,45,1,19,3,12,3,1
101601,0,56,1,19,4,12,8,0
101602,1,20,0,19,4,12,2,0
101603,0,47,1,19,3,9,8,1
101604,0,42,1,19,4,9,8,0
101605,0,48,1,19,4,13,3,1
101606,1,39,1,19,4,13,3,1
101607,0,59,4,19,3,12,1,1
101608,0,36,2,19,5,11,3,0
101609,1,18,0,19,4,7,1,0
101610,0,18,0,19,4,7,9,0
101611,1,20,0,19,3,12,10,0
101612,0,26,1,19,3,13,10,0
101613,0,33,0,10,4,9,4,0
101614,0,62,1,19,2,6,7,0
101615,1,27,2,19,4,12,2,0
101617,1,22,0,11,1,12,10,0
101618,0,46,1,19,2,12,8,0
101619,1,39,0,16,4,7,0,0
101620,0,46,1,19,4,9,2,1
101621,0,46,1,19,4,13,11,1
101622,0,23,0,19,4,9,7,0
101623,1,37,4,19,4,8,13,0
101624,0,37,0,6,1,12,4,0
101625,0,55,1,19,4,12,8,0
101626,1,45,2,19,4,14,0,0
101627,0,29,0,19,4,13,1,1
101628,0,20,0,19,4,12,10,0
101629,0,40,1,19,4,12,1,1
101630,0,40,1,19,2,12,1,0
101631,1,20,0,19,5,12,2,0
101632,0,35,4,19,4,9,6,0
101633,0,34,1,19,4,15,0,1
101634,0,24,1,19,4,13,1,0
101635,0,46,1,19,1,13,3,0
101636,0,17,0,19,5,8,4,0
101637,0,32,1,19,1,10,12,0
101638,0,41,1,19,2,13,1,0
101639,1,33,2,9,4,9,10,0
101640,0,29,0,19,4,12,3,0
101641,0,57,1,14,3,16,12,1
101642,1,32,1,19,3,12,12,0
101643,1,21,0,19,5,6,4,0
101644,0,36,2,19,4,9,7,0
101645,0,52,1,19,4,9,10,0
101646,0,41,1,19,1,13,12,0
101647,0,51,1,19,4,9,0,1
101648,0,51,2,19,4,9,1,0
101649,1,46,0,19,4,12,2,0
101650,0,20,0,19,4,12,4,0
101651,0,73,1,19,3,13,10,0
101652,0,42,1,19,2,13,5,0
101653,0,30,1,19,5,9,10,0
101654,0,47,1,19,5,9,2,1
101655,1,30,0,19,1,9,2,0
101656,0,33,1,19,2,12,1,0
101657,0,31,3,19,3,7,9,0
101658,0,23,0,19,4,9,1,0
101659,1,20,0,19,4,9,1,0
101660,0,37,1,19,1,9,12,0
101661,1,23,0,19,4,12,4,0
101662,0,45,1,19,4,13,3,1
101663,1,38,2,19,2,12,1,0
101664,0,47,1,19,2,9,3,1
101665,0,18,0,19,4,7,11,0
101666,0,44,1,19,4,9,6,0
101667,1,45,1,19,4,5,7,1
101668,0,34,0,17,5,12,9,0
101669,1,19,0,19,1,12,4,0
101670,0,35,1,19,4,9,4,0
101671,1,24,2,19,4,9,1,0
101672,1,26,0,19,4,13,1,0
101673,1,47,1,17,2,9,4,0
101674,0,18,0,19,5,12,1,0
101675,0,23,0,19,5,9,1,0
101676,0,41,1,19,4,14,3,1
101677,1,29,2,19,1,9,0,0
101678,0,36,1,19,4,9,7,1
101679,0,44,1,19,2,12,8,1
101680,0,31,1,19,3,9,5,0
101681,0,59,1,19,4,9,8,0
101683,0,25,0,19,1,9,9,0
101684,0,37,0,19,1,13,3,0
101685,0,54,1,19,4,9,8,0
101686,0,47,1,17,4,14,0,1
101687,1,50,5,19,4,9,12,0
101688,1,32,0,18,5,9,13,0
101689,0,44,1,17,3,13,1,1
101690,0,61,1,19,4,13,0,1
101691,1,23,0,19,4,12,4,0
101692,1,38,0,19,4,13,11,1
101693,1,79,1,19,2,11,10,1
101694,1,45,1,19,4,8,2,1
101695,0,56,1,19,4,9,8,0
101696,1,39,0,19,4,9,8,0
101697,0,44,1,19,2,15,0,1
101698,0,34,2,19,4,9,9,0
101699,0,49,1,19,4,13,1,1
101700,1,30,0,19,4,11,7,0
101701,1,20,0,19,1,12,10,0
101702,0,64,1,19,5,13,1,0
101703,1,27,2,19,4,9,2,0
101704,1,20,0,19,2,12,3,0
101705,1,21,0,19,4,10,12,0
101706,0,22,3,19,1,12,12,0
101707,0,43,2,19,4,9,4,0
101708,0,67,1,19,4,16,0,1
101709,0,29,0,19,4,13,1,0
101710,0,25,0,19,2,8,9,0
101711,1,23,0,19,4,12,2,0
101712,0,47,1,19,4,11,2,1
101713,0,51,3,19,4,9,10,1
101714,0,26,0,19,4,9,9,0
101715,1,49,0,19,1,13,0,0
101716,1,34,4,19,3,9,3,0
101717,0,26,1,19,4,9,2,0
101718,1,19,0,19,3,12,4,0
101719,0,29,0,19,4,10,7,0
101720,1,17,0,19,3,6,4,0
101721,0,67,1,19,2,16,1,1
101722,0,57,1,19,5,9,3,0
101723,1,53,2,19,1,12,0,0
101724,0,28,0,16,4,9,7,0
101725,0,23,0,19,4,9,11,0
101726,0,40,1,19,4,9,3,0
101728,0,26,0,18,4,7,4,0
101729,0,22,1,19,4,13,3,0
101730,0,71,1,19,3,12,3,1
101731,0,55,1,19,1,12,1,0
101732,1,59,5,19,4,9,3,0
101733,0,39,1,19,4,14,3,0
101734,1,38,2,19,1,12,11,1
101735,0,63,1,19,2,11,1,1
101736,1,29,2,19,4,12,10,0
101737,0,44,1,19,4,13,3,1
101739,0,29,1,14,4,9,1,0
101740,1,42,2,19,2,12,3,0
101741,0,34,1,19,5,12,0,1
101742,0,31,2,19,4,9,7,0
101743,0,46,1,19,2,9,3,1
101744,1,28,0,19,3,13,2,0
101745,0,33,1,19,2,8,11,0
101746,0,60,1,19,1,9,6,1
101747,0,53,1,19,4,12,11,1
101748,0,35,1,19,1,12,11,0
101749,0,32,1,19,1,9,8,1
101750,1,23,0,19,4,10,2,0
101751,1,34,0,19,3,9,2,0
101752,1,20,0,19,3,12,0,0
101753,1,39,5,19,4,11,2,0
101754,0,45,1,19,3,9,3,1
101755,0,38,1,19,4,12,3,1
101756,1,30,0,12,4,12,3,0
101757,0,52,3,19,4,13,4,0
101758,0,26,1,19,4,10,5,0
101759,1,21,0,19,3,9,1,0
101760,0,28,0,19,5,10,1,0
101761,0,23,0,19,4,10,8,0
101762,1,17,0,19,4,6,11,0
101763,0,50,1,19,3,14,0,1
101764,1,46,2,19,4,13,2,1
101765,0,71,1,19,4,9,10,0
101766,1,34,0,19,3,12,2,0
101768,0,29,1,19,2,12,8,0
101769,0,41,1,19,1,9,5,1
101770,1,39,0,19,4,12,4,0
101771,0,48,1,19,2,13,8,0
101772,0,23,0,19,4,10,1,0
101773,1,32,1,19,2,13,3,1
101774,1,47,0,19,3,14,0,0
101775,0,24,0,19,5,13,2,0
101776,0,43,1,19,2,9,7,0
101778,1,17,0,19,4,6,4,0
101779,0,32,2,19,4,9,1,0
101780,0,31,1,14,5,12,3,1
101781,0,35,1,19,1,14,3,1
101782,0,54,1,19,4,9,3,1
101784,1,34,4,19,2,14,0,0
101785,0,21,0,19,5,9,6,0
101786,1,34,2,19,4,12,4,0
101787,1,37,0,19,3,10,2,0
101788,0,18,0,19,2,6,4,0
101789,0,56,0,19,5,14,1,0
101790,1,38,1,15,2,4,7,1
101792,1,46,1,19,4,12,5,0
101793,0,38,1,19,2,13,0,1
101794,1,39,0,19,4,11,12,0
101795,0,33,3,17,4,12,8,0
101796,0,33,0,19,4,12,0,0
101797,0,52,1,19,4,13,0,0
101798,0,43,1,19,3,9,3,1
101799,0,59,2,12,4,9,0,0
101800,0,45,1,19,3,10,8,1
101801,0,44,1,19,4,12,3,1
101802,1,51,4,19,4,13,2,0
101803,0,33,1,19,1,7,3,0
101804,1,32,2,19,4,11,7,0
101805,0,36,1,19,4,9,3,0
101806,1,37,2,17,3,9,10,0
101807,1,35,1,19,3,12,2,0
101808,0,43,1,19,1,12,5,0
101809,0,41,2,19,2,12,8,0
101810,0,27,0,18,4,9,4,0
101811,0,38,1,19,4,9,8,0
101812,1,42,0,19,2,11,10,0
101813,0,54,1,19,3,12,8,1
101814,0,29,0,19,4,13,12,0
101815,0,27,0,19,3,9,8,0
101816,0,44,1,19,1,13,3,1
101817,1,46,2,19,4,16,0,1
101818,1,48,2,19,5,12,2,0
101819,0,38,1,19,4,9,8,0
101820,0,62,0,19,4,13,5,0
101821,0,39,1,19,4,12,8,1
101823,0,45,1,19,4,13,3,1
101824,0,40,1,19,4,13,1,1
101825,1,52,2,19,1,9,2,0
101826,0,43,1,19,4,11,3,1
101827,0,31,1,19,4,6,8,0
101828,0,53,1,19,1,12,6,1
101829,0,31,1,18,5,13,7,0
101830,0,29,0,19,4,13,3,0
101831,0,46,1,19,1,15,3,1
101832,0,43,1,19,5,10,8,0
101833,0,48,1,19,4,9,8,1
101834,1,41,1,19,2,12,6,0
101835,1,25,0,17,3,15,0,0
101836,1,64,4,19,4,11,0,1
101837,0,26,1,19,4,9,7,1
101838,0,45,2,19,4,14,3,1
101839,1,27,0,19,4,16,2,0
101840,0,66,1,19,2,12,10,0
101841,0,33,1,19,4,5,7,0
101842,0,19,0,19,4,12,10,0
101843,1,53,0,19,3,13,0,0
101844,0,56,1,13,2,4,8,0
101847,1,45,4,19,4,7,2,0
101848,0,51,1,19,2,9,8,0
101849,0,31,1,19,4,9,1,0
101850,1,51,4,18,4,3,7,0
101851,1,54,3,19,4,9,3,0
101852,1,31,0,19,4,13,2,0
101853,1,24,0,19,5,13,0,0
101854,0,33,1,19,4,9,8,1
101855,0,23,1,19,1,12,7,0
101856,1,70,5,19,4,12,1,0
101857,1,43,2,19,2,12,11,0
101858,0,49,1,14,4,10,0,1
101859,0,35,1,19,3,9,7,1
101860,0,57,1,19,4,6,8,0
101861,0,44,1,19,2,16,0,0
101862,1,56,1,19,2,9,1,0
101863,0,51,1,19,3,15,0,1
101864,1,23,0,19,4,13,3,0
101865,0,55,1,19,4,9,6,1
101866,1,22,0,19,5,9,4,0
101867,0,30,0,17,4,9,8,0
101868,1,43,0,13,2,5,1,0
101870,0,27,0,19,3,9,6,0
101871,0,25,0,19,3,5,8,0
101872,0,55,1,19,3,7,3,0
101873,1,19,0,19,5,9,10,0
101874,1,23,0,19,4,12,2,0
101875,1,22,0,19,4,9,4,0
101876,1,26,0,19,4,13,0,0
101878,0,42,1,8,3,16,0,1
101879,1,44,2,19,2,12,2,0
101880,0,34,1,19,5,12,8,0
101882,0,53,1,19,3,4,7,0
101883,1,48,2,19,3,13,1,0
101884,0,37,2,19,4,9,8,0
101885,1,39,1,19,5,15,3,1
101886,0,17,0,19,2,6,4,0
101887,1,68,5,17,4,4,10,0
101888,1,23,1,19,3,12,1,0
101889,0,29,1,19,4,13,1,1
101890,1,19,0,19,2,9,1,0
101891,0,47,1,19,4,9,8,1
101892,0,48,1,19,5,9,2,1
101893,0,27,0,19,3,12,8,0
101894,0,42,1,19,1,13,1,0
101895,1,58,5,19,4,7,4,0
101896,1,20,0,19,4,12,2,0
101897,0,34,1,19,4,9,11,0
101898,1,47,3,16,4,12,3,0
101899,0,60,1,19,2,4,1,0
101901,0,25,1,19,5,12,1,0
101902,0,24,1,19,4,12,7,0
101903,1,22,0,19,4,12,1,0
101904,0,39,1,19,3,9,8,0
101905,1,19,0,19,4,12,4,0
101906,1,29,1,19,2,12,2,1
101907,0,56,0,19,4,13,3,1
101908,0,19,0,19,5,9,8,0
101909,1,44,0,19,2,14,0,0
101910,0,53,1,19,4,9,4,0
101911,0,22,0,19,5,9,7,0
101912,1,62,0,19,3,12,8,1
101913,0,71,4,19,5,12,1,0
101914,0,63,1,19,1,13,10,1
101915,1,31,1,18,4,9,10,0
101916,0,41,1,19,4,13,3,1
101917,0,49,1,19,4,12,8,1
101918,0,58,1,19,4,9,8,0
101919,0,36,2,19,5,6,8,0
101920,0,34,2,19,4,9,8,0
101921,1,25,0,7,5,13,4,0
101922,0,62,1,19,3,8,8,1
101923,0,23,0,19,4,12,14,0
101924,1,26,0,19,4,13,2,1
101925,1,23,0,19,4,9,4,0
101926,0,20,0,19,3,12,4,0
101927,1,25,0,19,4,12,3,0
101928,0,39,1,19,4,9,8,0
101929,0,36,0,19,4,9,7,0
101930,1,36,0,19,4,9,8,0
101931,1,51,4,19,2,11,4,0
101932,0,51,1,19,4,9,10,0
101934,1,17,0,19,4,7,1,0
101935,0,38,1,19,3,15,0,1
101936,0,27,0,19,4,13,3,0
101937,0,59,1,19,4,11,8,1
101938,1,36,0,19,4,9,1,0
101939,0,38,2,19,4,9,7,0
101940,0,22,0,19,4,12,10,0
101941,0,27,0,19,4,9,8,0
101942,0,27,0,19,5,13,0,0
101943,1,53,0,19,3,12,11,0
101944,1,46,4,19,3,5,7,0
101945,1,24,4,19,3,12,1,0
101946,1,28,0,19,5,14,0,1
101947,0,48,1,19,3,5,8,0
101948,1,27,0,19,3,13,0,0
101949,1,50,2,19,4,9,1,0
101950,1,24,0,19,4,9,2,0
101952,0,55,1,19,3,15,3,1
101953,1,33,0,19,2,13,0,0
101954,1,22,0,19,5,9,2,0
101955,0,33,1,19,4,9,6,0
101956,1,17,0,16,4,7,0,0
101957,0,25,0,17,4,9,6,0
101958,0,50,3,19,1,13,0,0
101959,0,62,0,19,2,9,8,0
101960,0,32,4,17,4,9,3,0
101961,0,23,1,19,2,13,4,0
101962,1,45,2,19,4,12,1,0
101963,0,39,1,19,4,12,5,0
101964,0,47,1,19,2,4,6,0
101965,0,38,2,19,5,5,8,0
101966,0,28,1,19,1,12,2,1
101967,1,63,1,19,2,9,6,0
101968,0,30,1,11,4,12,3,1
101969,0,34,1,19,4,13,3,1
101970,1,30,2,19,1,12,12,0
101972,0,53,1,19,4,16,0,1
101973,0,30,0,19,5,16,0,0
101974,0,34,1,19,1,9,5,0
101975,1,41,2,19,1,9,4,0
101976,0,35,0,18,4,3,8,0
101977,1,36,0,19,4,12,8,0
101978,0,46,1,19,5,12,6,1
101979,0,24,0,19,4,13,3,0
101981,0,18,0,19,4,12,4,0
101982,1,60,2,19,4,11,4,0
101983,0,43,1,19,4,13,1,1
101984,0,21,0,19,3,9,5,0
101985,0,25,0,19,4,11,5,0
101986,0,51,1,19,2,9,8,0
101988,0,33,1,19,3,15,0,1
101989,0,59,0,19,4,4,4,0
101991,0,38,1,19,4,6,7,1
101992,0,25,0,19,4,9,4,0
101993,0,39,0,19,4,13,3,0
101994,1,63,2,19,3,9,3,0
101995,1,25,0,19,3,12,4,0
101996,0,29,1,19,3,9,8,0
101997,0,17,0,19,3,6,4,0
101998,0,26,1,17,5,12,1,0
101999,0,49,1,19,2,10,8,0
102000,1,43,3,19,5,9,3,0
102001,1,41,2,19,1,12,3,0
102002,0,60,1,13,3,4,7,0
102003,0,61,1,19,3,9,7,0
102004,0,44,1,19,4,9,8,0
102005,0,29,1,19,3,9,8,0
102006,1,49,2,19,3,9,4,0
102007,1,57,5,19,4,9,8,0
102009,0,41,1,19,3,9,8,1
102010,1,34,2,19,4,9,13,0
102011,0,90,1,19,4,13,3,0
102012,1,26,0,13,5,13,3,0
102013,0,73,1,19,4,13,10,0
102014,0,35,1,17,2,4,7,1
102015,0,61,1,19,5,9,11,0
102016,0,27,2,19,4,9,8,0
102017,0,64,0,19,2,5,2,0
102018,0,33,2,19,4,12,1,0
102019,1,47,1,19,4,13,3,1
102020,0,71,5,19,4,1,8,0
102021,0,28,1,19,2,9,8,0
102022,0,38,1,19,1,13,0,1
102023,0,39,0,19,4,14,0,1
102025,0,36,1,19,5,15,0,1
102026,1,18,0,19,3,12,2,0
102027,0,47,0,19,4,9,12,0
102028,0,28,0,19,5,12,8,0
102029,1,22,0,19,4,9,1,0
102030,0,38,1,19,4,9,7,0
102031,0,34,1,19,4,9,6,0
102032,0,39,0,19,1,9,9,0
102033,0,37,1,19,3,16,0,0
102034,0,49,1,11,3,13,1,1
102035,1,46,3,19,4,12,1,0
102037,0,49,1,19,5,15,0,1
102038,1,22,0,19,5,12,2,0
102039,0,37,0,19,2,13,5,0
102040,0,37,1,19,5,11,6,1
102041,1,52,4,19,4,10,3,0
102042,0,28,0,19,4,13,1,0
102043,1,41,2,19,1,12,4,0
102044,0,40,1,19,4,9,8,0
102045,0,22,0,19,3,13,1,0
102046,0,65,1,19,4,9,3,0
102047,0,42,1,19,3,13,12,1
102048,1,31,2,19,4,9,7,0
102049,0,46,0,19,2,12,3,0
102050,1,32,2,19,4,13,1,0
102051,1,59,5,19,5,9,2,0
102052,1,49,2,19,3,9,2,0
102053,0,53,1,19,4,9,5,0
102054,1,22,0,19,3,9,2,0
102056,0,29,1,19,4,9,8,0
102057,1,36,2,19,4,9,2,0
102058,1,45,2,19,4,12,2,0
102059,0,37,1,19,4,7,6,0
102060,0,25,0,19,5,9,9,0
102061,1,50,4,19,5,9,4,0
102062,0,59,1,19,4,9,6,1
102063,1,26,0,19,2,12,12,0
102064,0,41,0,19,2,13,9,0
102065,0,34,1,19,4,12,8,0
102066,1,46,0,19,3,12,2,0
102067,0,49,1,19,3,12,4,0
102068,1,50,1,19,4,10,0,1
102069,0,30,1,19,4,9,6,0
102070,0,28,0,19,1,13,3,0
102071,0,48,1,19,4,13,3,0
102072,0,27,1,19,4,9,2,0
102073,0,19,0,19,4,12,4,0
102074,1,33,2,19,5,9,2,0
102075,0,67,1,19,2,9,3,1
102076,0,35,1,19,5,13,1,1
102077,0,43,2,19,2,13,1,1
102078,1,28,0,19,4,15,0,0
102079,0,50,1,19,2,9,11,0
102080,0,49,1,19,2,16,0,0
102081,0,29,0,19,4,9,3,0
102082,0,52,1,19,1,6,8,1
102083,0,45,1,19,3,14,3,1
102084,0,52,1,19,4,13,0,1
102085,0,47,4,19,5,9,8,0
102086,0,49,1,19,4,12,2,1
102087,0,50,1,19,1,12,3,1
102088,1,60,5,19,4,9,7,0
102089,0,19,0,19,4,12,3,0
102090,0,54,0,19,1,9,1,0
102091,0,34,1,12,1,10,8,0
102092,0,23,0,19,4,13,0,0
102093,0,59,0,19,2,10,8,0
102094,0,22,3,18,5,5,4,0
102095,0,27,0,19,4,10,8,0
102096,1,47,2,19,2,9,4,0
102097,0,67,1,19,2,14,3,1
102098,0,47,1,19,3,13,1,1
102099,0,20,0,19,3,12,10,0
102100,1,20,0,19,3,9,4,0
102101,0,43,1,19,2,14,0,1
102102,0,43,2,19,3,9,8,0
102104,0,31,1,18,4,9,0,0
102105,0,62,1,9,2,9,10,0
102107,0,61,1,19,4,8,8,0
102108,0,22,0,19,5,9,9,0
102109,1,20,0,19,4,12,4,0
102110,0,36,1,19,2,9,1,0
102111,1,29,0,19,4,13,0,0
102112,1,25,1,19,3,11,2,1
102113,0,63,1,19,4,9,10,0
102114,1,42,2,19,3,13,0,0
102115,1,20,0,19,4,12,2,0
102116,0,58,0,19,4,9,1,0
102118,1,45,2,19,4,9,2,0
102119,0,27,0,19,3,12,3,0
102120,0,45,1,19,2,14,2,0
102121,0,32,0,19,5,7,8,0
102122,1,43,0,18,4,3,7,0
102123,0,32,1,19,4,9,5,1
102124,0,32,1,15,5,12,9,1
102125,0,43,4,19,5,12,10,0
102126,0,17,0,19,2,6,10,0
102127,0,49,1,19,4,12,1,1
102128,1,49,2,19,5,9,4,0
102129,0,30,1,10,4,13,8,1
102130,0,26,1,19,2,12,4,0
102131,0,62,1,19,2,9,10,1
102132,1,26,0,19,4,13,0,0
102133,0,61,1,19,1,9,5,1
102134,0,18,0,19,4,6,10,0
102135,0,27,0,19,5,9,7,0
102136,1,21,0,18,4,12,2,0
102137,0,20,0,19,3,12,1,0
102138,0,35,0,19,4,9,4,0
102139,0,52,1,19,2,9,1,1
102140,0,44,1,19,5,9,6,0
102141,1,48,2,19,4,11,10,1
102142,0,47,1,19,3,16,0,1
102143,1,30,0,19,4,9,2,0
102144,0,75,3,19,4,12,8,0
102145,0,29,0,18,4,9,2,0
102146,0,28,0,19,2,9,8,0
102147,0,46,0,19,1,13,3,0
102148,0,31,1,19,4,9,6,0
102149,0,28,3,19,4,9,7,0
102150,0,50,1,19,2,9,3,1
102151,1,68,0,19,2,9,1,0
102152,0,72,1,16,4,9,10,0
102153,1,25,0,19,4,12,3,0
102154,0,25,0,19,4,13,10,0
102155,1,43,0,19,3,9,2,1
102156,0,42,1,19,4,9,1,0
102157,0,34,0,19,2,12,1,0
102158,1,62,5,19,4,12,4,0
102159,0,27,1,19,2,12,8,0
102160,0,48,1,19,4,9,4,0
102161,0,34,1,19,1,14,0,1
102162,1,30,1,19,2,10,2,0
102163,1,35,0,19,1,13,0,0
102164,1,34,0,19,5,9,3,0
102165,1,45,1,19,2,12,2,1
102166,1,33,2,19,4,12,12,0
102167,0,36,1,19,4,12,11,1
102168,0,27,0,19,5,9,6,0
102169,0,59,1,19,2,15,1,0
102170,0,46,1,19,4,9,7,0
102172,0,52,0,19,5,12,2,0
102173,0,43,1,19,5,9,8,1
102174,0,20,0,19,4,12,8,0
102175,0,46,2,17,4,13,7,0
102176,1,64,5,19,4,9,2,0
102177,0,54,1,19,4,14,3,1
102178,1,27,0,10,3,3,1,0
102179,0,44,1,17,4,9,9,0
102180,1,63,1,19,4,9,1,0
102181,0,23,0,19,2,9,1,0
102182,0,51,1,19,3,12,2,1
102183,0,47,1,19,2,12,0,0
102184,0,51,1,19,3,14,1,1
102185,0,32,1,19,2,9,4,0
102186,0,28,1,19,4,6,7,0
102187,0,22,0,19,4,9,0,0
102188,1,36,1,19,4,13,3,1
102190,0,57,1,19,2,12,3,1
102191,0,33,1,19,5,9,2,0
102192,1,25,0,19,3,9,1,0
102193,1,43,1,19,4,9,4,0
102194,1,72,2,15,1,7,2,0
102195,0,41,1,19,3,9,7,0
102196,0,37,1,19,4,15,0,1
102197,0,27,1,19,2,12,8,0
102198,1,38,1,19,5,12,10,0
102199,0,19,0,19,4,9,9,0
102200,0,36,1,19,2,9,8,0
102202,0,29,1,19,4,12,8,1
102203,0,61,1,17,3,14,8,0
102204,0,30,1,19,3,12,1,1
102205,0,50,1,18,3,11,2,0
102206,0,22,1,19,3,12,9,0
102207,0,22,0,19,3,9,4,0
102208,1,17,0,19,2,6,1,0
102209,1,60,3,19,4,9,4,0
102210,1,53,1,19,4,14,2,1
102211,0,22,0,19,1,8,5,0
102212,0,43,1,19,4,13,7,1
102213,0,28,0,19,4,9,7,0
102214,0,69,1,19,2,13,0,1
102215,0,28,1,19,4,12,7,1
102216,0,24,1,19,4,7,1,0
102217,0,35,2,19,2,9,5,0
102218,0,30,0,10,3,10,2,0
102219,0,69,1,19,5,13,10,1
102220,0,45,2,19,3,12,8,1
102221,0,47,1,19,3,13,12,1
102222,0,47,1,19,4,13,1,1
102223,0,33,2,19,4,8,8,0
102224,0,80,1,15,4,9,10,0
102225,0,24,0,19,5,12,0,0
102226,0,34,1,19,2,12,5,0
102228,0,33,0,19,5,9,8,1
102229,1,24,1,18,5,9,10,0
102230,0,52,1,19,4,16,0,1
102231,0,30,4,19,4,12,6,0
102232,0,48,1,19,3,12,8,1
102233,0,35,1,19,4,9,9,0
102234,1,35,0,19,4,13,4,0
102235,0,27,1,19,3,13,3,0
102236,1,24,1,19,4,9,10,0
102237,0,28,0,19,4,15,0,0
102238,1,19,0,19,4,12,10,0
102239,0,42,1,19,2,9,3,1
102240,0,49,1,19,5,4,7,0
102241,1,22,1,14,4,12,1,0
102242,0,32,1,19,5,14,3,1
102243,1,31,1,19,4,9,2,1
102244,1,24,1,4,5,12,2,0
102245,1,37,2,19,2,11,0,0
102246,0,36,0,19,5,13,3,1
102247,0,42,1,19,3,15,0,1
102248,0,41,1,19,4,12,8,1
102249,0,40,1,19,3,9,1,1
102250,0,33,1,19,4,13,0,1
102251,1,37,2,19,4,12,4,0
102252,1,57,5,19,4,9,2,0
102253,0,51,1,19,2,9,7,0
102254,0,47,4,19,5,14,12,1
102255,1,29,0,19,1,9,4,0
102256,0,23,0,19,3,12,2,0
102257,0,47,1,19,4,13,1,1
102258,1,90,0,19,3,5,2,0
102259,0,39,2,19,5,12,4,0
102260,1,28,2,19,5,12,8,0
102261,0,35,1,19,2,9,1,0
102262,0,31,1,19,4,12,8,0
102264,0,36,1,19,4,13,2,0
102265,0,22,0,19,3,12,10,0
102266,0,41,1,19,1,14,0,1
102267,0,58,1,19,5,9,3,1
102268,1,30,0,19,4,12,2,0
102271,0,31,1,19,3,12,5,1
102272,0,24,0,17,4,9,8,0
102274,1,64,5,19,4,7,10,0
102275,0,45,1,19,4,13,3,1
102276,0,31,1,19,4,13,1,1
102277,0,70,1,19,2,13,1,1
102278,1,31,1,15,4,13,10,0
102279,1,25,1,19,4,13,2,0
102280,0,34,2,19,1,13,1,1
102281,0,41,2,19,2,9,8,0
102282,0,44,1,19,5,10,11,1
102283,0,46,1,19,4,12,3,1
102284,0,61,1,19,3,4,6,0
102285,0,70,1,19,4,7,6,0
102286,0,75,0,19,1,16,10,0
102287,1,75,6,19,4,9,10,0
102288,0,34,1,19,2,4,6,0
102289,0,61,1,19,4,12,2,1
102290,0,32,1,18,4,13,8,0
102291,0,26,1,19,4,12,2,0
102292,0,30,3,17,4,12,8,0
102293,0,24,0,19,4,7,4,0
102294,0,37,1,18,4,3,7,0
102296,0,32,2,19,3,9,9,0
102297,0,23,0,19,4,9,8,0
102298,0,47,1,16,4,8,2,0
102299,1,49,2,19,4,9,3,0
102300,0,31,1,19,3,8,8,0
102301,1,23,0,19,4,13,2,0
102302,1,52,5,17,3,12,4,0
102304,0,46,1,19,3,12,2,0
102305,1,27,2,19,4,6,4,0
102306,0,43,1,19,4,12,1,1
102307,0,38,1,19,2,9,2,1
102308,0,23,0,19,4,12,0,0
102309,0,42,1,17,4,14,1,1
102310,0,52,0,19,3,16,3,1
102311,0,17,0,19,4,7,9,0
102312,0,19,0,19,4,9,1,0
102313,0,58,5,19,4,9,3,0
102314,1,19,0,19,1,12,1,0
102315,1,23,0,19,4,13,1,0
102316,1,51,2,19,4,12,1,0
102317,0,56,0,19,2,9,7,0
102318,0,18,0,19,4,9,8,0
102319,1,27,0,19,4,13,0,0
102320,0,37,1,19,2,12,8,0
102321,0,36,2,19,2,10,8,0
102322,1,57,2,19,4,9,1,0
102323,0,52,1,19,4,15,0,1
102324,0,43,1,7,5,12,12,1
102325,0,30,1,17,4,13,1,0
102326,0,49,1,19,4,15,0,1
102327,0,35,0,19,4,13,1,0
102328,1,34,0,19,4,12,3,0
102329,1,74,5,19,1,12,6,0
102330,0,38,1,19,5,14,0,0
102331,1,54,1,19,4,9,4,0
102332,0,27,0,19,4,9,2,0
102333,0,46,1,19,2,12,12,1
102334,0,25,1,19,4,13,0,1
102335,0,28,1,16,4,4,9,0
102336,0,31,1,19,4,12,8,0
102337,0,27,0,19,4,13,12,0
102338,0,27,0,19,4,11,6,0
102339,0,17,0,19,4,6,8,0
102340,0,51,1,19,1,13,8,1
102342,1,46,2,19,4,14,0,0
102343,0,31,1,19,2,12,2,0
102344,1,24,2,19,3,12,2,0
102345,0,44,1,19,5,13,1,1
102346,0,41,1,19,4,14,3,1
102347,1,46,2,19,3,9,3,0
102348,1,50,1,19,1,13,3,1
102349,0,36,2,19,3,6,1,0
102350,1,34,2,19,4,10,12,0
102351,0,39,1,6,5,13,0,1
102352,0,22,0,19,3,12,8,0
102353,0,53,1,19,4,13,10,1
102354,1,25,0,19,5,9,2,0
102355,0,26,0,19,4,13,4,0
102356,0,34,1,19,4,13,2,0
102357,1,44,2,19,4,6,2,0
102358,1,38,1,19,4,7,2,0
102359,0,46,2,19,2,9,8,0
102360,0,33,2,19,4,9,2,0
102361,0,80,0,19,3,9,3,0
102362,0,28,1,19,4,9,7,0
102363,1,34,1,19,3,7,7,0
102364,1,31,0,19,4,13,3,0
102365,0,44,1,19,4,12,3,0
102366,1,28,2,12,5,13,4,1
102367,1,40,0,19,1,14,0,0
102369,1,62,2,19,4,10,2,0
102370,0,72,1,19,3,16,10,1
102372,1,21,1,19,4,12,10,0
102373,1,51,4,19,4,12,1,0
102374,0,50,1,19,3,13,3,1
102375,1,18,0,19,4,12,1,0
102376,0,58,1,19,2,10,3,1
102377,1,17,0,19,3,6,1,0
102378,0,60,1,19,3,12,6,0
102379,1,45,3,19,4,9,2,0
102380,0,42,1,19,4,14,0,1
102381,0,47,2,19,3,10,10,0
102382,1,19,0,19,5,9,2,0
102383,0,33,1,19,3,12,0,0
102385,0,43,1,17,5,13,0,1
102386,1,29,0,19,4,9,2,0
102387,1,25,2,19,5,9,2,0
102388,0,58,1,19,4,13,3,1
102390,0,56,2,19,4,12,11,0
102391,1,62,5,19,5,9,1,0
102392,0,18,0,19,3,7,4,0
102393,0,22,0,19,3,9,9,0
102394,0,42,1,19,4,13,3,1
102395,0,58,1,19,4,9,7,0
102396,0,31,1,19,4,12,2,0
102397,0,38,1,17,3,13,3,1
102398,1,26,0,19,2,13,0,0
102399,0,17,0,19,4,6,4,0
102400,0,36,1,19,5,13,3,1
102401,0,37,1,19,5,13,3,1
102402,0,30,1,19,4,13,1,1
102403,0,23,0,19,4,9,6,0
102404,0,49,2,19,4,14,1,1
102405,1,27,0,19,4,13,2,0
102406,0,35,1,19,4,9,3,1
102407,0,40,1,19,4,5,9,0
102409,1,22,0,19,3,13,0,0
102410,1,18,0,19,4,12,10,0
102411,1,69,1,19,4,9,1,0
102412,1,37,0,18,4,5,13,0
102413,1,41,0,19,4,14,0,0
102414,1,36,0,19,4,12,1,0
102415,0,36,2,19,4,13,0,0
102416,0,35,1,19,4,11,11,1
102417,0,74,1,19,4,12,3,1
102418,1,33,1,19,3,9,7,1
102419,1,63,5,19,3,4,5,0
102420,0,68,0,19,5,7,5,0
102421,0,35,2,19,4,6,10,0
102422,0,52,2,19,4,15,3,1
102423,0,50,2,19,5,9,8,0
102424,1,35,2,19,2,9,4,0
102425,1,26,1,19,2,13,3,1
102426,0,48,2,19,4,12,3,0
102427,0,41,0,19,2,12,11,0
102428,0,41,1,19,3,10,3,1
102429,0,39,2,19,4,9,7,0
102430,1,23,2,19,3,9,4,0
102431,1,19,0,19,4,12,4,0
102432,1,33,2,19,4,12,2,0
102434,0,34,1,19,4,14,3,0
102435,0,45,1,19,4,14,0,1
102437,0,49,1,19,3,9,8,1
102438,0,42,1,19,5,13,0,1
102440,0,20,1,19,5,9,1,0
102441,0,62,1,19,4,9,8,0
102442,0,23,0,19,4,13,9,0
102443,0,17,0,18,4,9,4,0
102444,0,33,1,19,1,10,5,0
102445,0,53,1,19,5,9,1,0
102446,0,27,1,18,4,9,7,0
102447,0,44,1,19,2,13,3,0
102448,1,19,0,19,4,12,2,0
102449,1,51,2,19,2,11,3,0
102450,0,42,1,19,4,9,1,0
102451,0,78,5,19,4,9,1,1
102453,1,43,2,14,4,13,2,0
102454,1,43,1,19,4,13,0,0
102455,0,21,0,19,4,12,9,0
102456,0,45,1,19,4,9,3,0
102457,0,44,2,19,4,13,2,0
102458,0,27,0,19,4,13,5,0
102459,1,26,0,19,5,9,4,0
102460,0,49,0,19,2,13,13,0
102461,0,44,1,19,5,13,3,1
102462,1,41,1,19,4,13,0,1
102463,0,19,0,19,5,12,10,0
102464,0,47,1,19,3,13,3,1
102465,0,32,0,19,4,10,4,0
102466,0,33,1,19,4,14,0,0
102467,0,70,1,16,4,13,3,0
102468,1,51,1,19,4,12,0,1
102470,0,40,1,19,2,13,1,1
102471,1,28,4,19,5,12,2,0
102472,0,64,1,19,4,12,8,0
102473,0,38,1,19,1,13,0,1
102474,0,52,1,19,4,7,4,0
102475,1,40,0,19,1,11,2,0
102476,0,42,1,19,4,11,3,1
102477,0,34,1,19,4,12,7,0
102478,1,19,0,19,5,12,4,0
102479,1,46,1,18,4,1,7,0
102480,0,37,1,19,1,9,8,0
102481,0,49,1,19,3,3,4,0
102482,0,53,1,19,2,7,8,0
102483,1,39,2,19,3,9,2,0
102484,0,51,1,19,4,10,9,1
102485,0,21,0,19,5,9,9,0
102486,0,47,1,19,5,15,0,1
102487,0,47,1,19,3,12,12,0
102488,0,33,1,19,4,9,5,0
102489,0,40,1,19,4,11,3,1
102490,0,53,1,18,4,3,4,0
102491,0,37,1,19,5,12,8,0
102492,0,37,1,17,5,12,8,0
102493,0,27,0,19,4,13,6,0
102494,0,44,1,19,5,12,1,1
102495,1,30,0,3,1,14,2,0
102496,0,42,1,19,2,14,0,1
102497,1,22,0,19,4,13,2,0
102498,0,32,1,19,4,14,0,0
102499,0,40,1,19,2,9,3,1
102500,0,62,2,19,3,9,6,0
102501,0,48,1,19,1,13,3,1
102502,0,20,0,19,1,12,3,0
102503,0,34,0,19,4,9,2,0
102504,1,41,4,19,4,13,1,0
102505,0,27,0,19,5,9,7,0
102506,1,51,2,19,3,12,3,0
102507,1,30,2,19,4,9,4,0
102508,0,32,1,19,5,9,8,1
102509,0,28,1,19,4,9,8,0
102510,0,47,1,19,5,11,11,1
102511,0,28,1,19,3,12,8,0
102512,0,28,0,19,1,13,8,1
102513,0,41,0,13,3,9,6,0
102514,1,39,2,19,4,9,7,0
102515,0,45,1,17,5,8,7,0
102516,1,51,2,19,4,12,0,0
102517,0,35,1,19,3,11,8,0
102518,0,45,1,19,2,12,3,0
102519,0,46,1,19,4,9,8,1
102520,1,22,0,19,4,13,0,0
102521,0,53,1,19,4,9,8,0
102522,1,22,0,19,5,9,10,0
102523,1,58,2,19,4,8,1,0
102524,0,29,0,17,1,6,8,0
102525,0,44,1,19,4,12,7,1
102526,1,19,0,19,2,12,7,0
102527,1,44,2,19,3,9,4,0
102528,1,22,0,19,2,13,0,0
102529,0,41,1,19,2,13,3,0
102530,0,23,0,16,4,9,8,0
102531,0,32,1,19,5,12,1,0
102532,0,53,2,19,4,9,7,0
102533,0,31,1,19,1,10,8,0
102534,0,29,1,19,2,13,7,0
102535,0,25,0,8,4,13,0,0
102536,0,20,0,19,4,12,7,0
102537,1,32,0,19,4,12,11,0
102538,1,54,2,19,4,9,3,0
102539,0,59,1,19,1,5,6,1
102540,0,55,0,19,3,9,9,0
102541,0,35,1,19,5,9,7,0
102542,0,41,0,19,4,12,6,0
102543,1,29,1,19,4,12,1,0
102544,1,72,5,19,1,9,4,0
102545,1,21,0,19,5,10,2,0
102546,1,29,0,19,4,13,3,1
102548,1,37,0,19,3,13,0,0
102549,1,30,4,19,4,9,2,0
102550,1,41,4,17,4,9,2,0
102551,0,65,1,18,4,13,3,1
102552,0,41,0,19,3,13,8,0
102553,0,50,1,19,4,10,12,1
102554,0,22,0,19,5,12,10,0
102555,0,90,0,19,1,13,3,0
102556,0,46,1,19,5,14,14,1
102557,0,70,1,19,1,9,10,0
102558,0,28,1,18,5,4,5,0
102559,1,37,0,19,1,9,4,0
102560,0,46,1,19,5,9,0,0
102562,0,33,0,19,2,9,5,0
102563,0,32,0,19,4,9,2,0
102564,0,43,1,19,4,12,3,1
102565,1,66,5,19,4,4,4,0
102566,1,27,0,19,4,13,12,0
102567,0,23,0,19,5,12,4,0
102568,1,20,0,19,4,12,10,0
102569,0,44,1,18,5,9,4,0
102570,0,53,3,19,4,6,6,0
102571,1,33,0,19,3,12,3,0
102572,0,55,1,19,4,13,4,0
102573,0,51,1,19,2,14,11,1
102574,1,45,4,19,3,9,7,0
102575,0,27,0,19,4,9,1,1
102576,1,34,1,19,4,12,3,1
102577,0,29,0,19,4,15,0,0
102578,0,50,1,19,3,9,8,0
102579,0,39,1,19,4,12,7,0
102580,0,31,1,19,2,9,7,0
102581,0,46,1,19,5,12,2,0
102582,0,26,0,17,5,3,6,0
102583,0,37,0,19,4,9,7,0
102584,1,35,2,19,4,9,1,0
102585,0,53,1,19,2,16,0,0
102586,1,20,0,19,3,12,4,0
102587,0,68,1,19,3,9,2,0
102588,0,30,1,19,4,12,3,1
102589,0,30,0,19,4,13,12,0
102590,1,41,5,19,1,12,10,0
102592,0,27,1,19,4,9,1,0
102593,1,23,0,19,5,9,12,0
102594,1,44,2,19,5,12,5,0
102595,0,37,1,19,4,14,2,1
102596,1,56,1,19,2,4,7,0
102597,0,34,0,19,4,13,1,0
102598,0,22,0,19,2,5,9,0
102599,0,23,1,19,4,8,9,0
102600,1,30,0,19,4,9,1,0
102601,1,51,2,19,3,9,0,1
102602,0,27,0,19,4,13,8,0
102604,0,18,0,19,4,9,2,0
102605,0,33,1,19,3,13,3,1
102606,1,28,1,19,4,11,2,1
102607,1,46,1,19,2,12,2,1
102608,0,29,0,19,2,11,12,0
102609,1,40,2,19,2,12,2,0
102610,1,19,0,19,4,9,1,0
102611,0,31,1,19,4,9,8,0
102612,0,70,1,19,1,14,0,1
102613,0,39,1,18,5,3,4,0
102614,0,43,1,19,3,12,11,0
102615,0,35,1,19,3,14,3,0
102616,0,52,1,19,2,9,1,1
102617,1,33,5,19,3,9,4,0
102618,1,39,0,19,3,9,7,0
102619,0,68,1,19,4,16,0,1
102620,1,39,2,19,5,13,1,0
102621,1,29,0,18,5,3,4,0
102622,0,32,1,19,4,12,1,1
102623,0,32,1,19,3,7,8,0
102624,0,32,1,9,5,13,3,1
102625,0,35,1,19,4,12,7,0
102626,1,26,1,19,4,12,7,0
102627,1,21,0,19,1,9,1,0
102628,1,38,0,19,2,12,2,0
102629,1,46,1,19,4,9,1,1
102630,0,23,0,19,2,12,3,0
102631,0,34,1,19,4,9,3,0
102632,0,25,1,19,4,13,0,0
102633,0,41,1,19,3,9,3,0
102634,0,32,1,19,1,12,7,1
102635,0,25,1,19,5,12,2,0
102636,1,57,5,18,5,12,2,0
102637,1,36,4,18,3,8,4,0
102638,1,22,0,19,3,13,2,0
102639,1,24,0,12,5,9,13,0
102640,1,21,0,19,4,12,2,0
102641,0,44,1,19,4,9,3,1
102643,0,42,1,19,4,13,0,1
102644,0,36,0,11,4,9,8,0
102645,0,57,2,19,5,4,4,0
102646,0,28,1,19,4,9,6,0
102647,0,59,2,19,4,9,3,0
102648,0,34,1,19,3,14,0,1
102649,1,43,2,19,4,10,0,0
102650,0,37,0,19,1,13,8,1
102651,0,51,1,19,3,14,0,1
102652,0,26,0,19,2,8,1,0
102653,0,46,1,19,4,15,0,1
102654,1,39,0,19,3,10,3,0
102655,0,36,1,19,4,13,1,1
102656,1,39,0,19,3,13,3,0
102657,0,22,0,19,3,7,4,0
102658,1,34,0,19,5,9,7,0
102659,1,57,2,19,2,12,1,0
102660,0,52,1,19,3,12,3,1
102662,1,34,2,19,5,9,7,0
102663,0,37,2,19,1,9,8,0
102664,0,25,0,19,1,9,8,0
102665,1,32,0,19,3,9,6,0
102667,0,65,1,19,4,9,10,0
102668,0,38,1,19,4,8,8,1
102669,0,60,1,19,5,15,0,1
102670,0,47,1,17,5,9,6,1
102671,0,27,1,19,3,12,3,0
102672,1,21,0,19,2,12,2,0
102673,0,46,4,19,4,10,0,0
102674,0,28,0,18,2,12,8,0
102675,0,37,1,19,5,12,8,0
102676,0,55,1,15,2,12,12,1
102677,1,32,2,15,2,13,3,0
102678,0,61,1,19,4,4,6,0
102679,0,42,1,19,4,12,8,1
102680,1,33,2,19,4,12,12,0
102681,0,48,1,19,4,11,0,0
102682,1,45,0,19,4,9,1,0
102683,0,34,4,19,5,9,2,1
102684,1,22,3,19,4,12,10,0
102685,0,43,1,19,4,9,7,1
102686,0,48,1,19,4,12,0,0
102687,0,46,1,19,4,16,0,0
102688,0,27,1,19,1,13,12,0
102689,0,46,2,19,4,15,5,0
102690,1,47,1,19,4,9,7,1
102691,1,32,4,18,5,5,4,0
102692,1,21,0,19,4,12,2,0
102693,0,61,1,19,3,9,11,0
102694,1,25,0,19,2,13,2,0
102695,0,39,1,19,3,13,0,1
102696,0,36,1,19,4,12,3,1
102697,0,21,0,19,5,9,9,0
102698,0,22,0,19,4,11,9,0
102699,0,35,1,19,4,13,2,1
102700,0,42,1,19,4,13,3,0
102701,1,50,4,19,2,2,0,0
102702,1,51,2,19,4,12,9,0
102703,0,20,0,19,4,12,2,0
102704,0,37,0,19,3,9,9,0
102705,0,29,1,19,4,9,11,0
102706,1,32,4,19,4,9,4,0
102707,1,65,2,19,2,7,10,0
102708,1,36,1,14,5,13,2,1
102709,0,63,5,19,1,9,1,0
102710,0,48,1,19,3,9,1,0
102711,0,44,1,19,4,14,0,1
102712,0,43,0,19,4,9,8,0
102713,0,51,1,19,2,4,3,0
102714,1,46,2,19,2,12,7,0
102715,0,27,1,19,4,11,8,1
102716,0,43,4,19,5,12,6,1
102717,0,63,1,19,5,10,4,0
102718,0,24,0,19,4,12,9,0
102719,0,35,1,19,4,12,0,1
102720,0,46,1,19,5,9,11,1
102721,1,25,0,18,4,6,7,0
102722,0,29,0,19,4,13,0,0
102723,0,41,1,10,2,13,4,0
102724,0,22,0,19,5,12,10,0
102725,0,29,1,19,3,9,7,0
102726,1,21,0,17,3,12,4,0
102727,1,29,0,19,5,12,4,0
102728,0,56,1,19,2,9,6,0
102729,1,47,1,17,4,11,2,1
102730,0,41,1,19,2,12,5,1
102731,0,45,1,19,4,14,3,1
102732,0,46,1,19,4,10,3,1
102733,0,41,1,19,5,14,3,1
102734,0,44,1,19,3,16,3,1
102735,0,37,1,19,4,9,7,0
102736,1,23,4,19,3,9,9,0
102737,1,22,0,19,5,12,2,0
102738,0,36,1,19,5,4,8,0
102739,0,42,2,19,4,12,8,0
102740,1,74,2,19,4,6,4,0
102741,0,33,1,19,5,14,0,1
102742,1,53,1,11,3,13,2,0
102743,0,25,1,18,4,5,7,0
102744,0,44,1,19,4,13,1,0
102745,0,37,4,19,4,12,10,0
102746,0,18,0,19,4,9,4,0
102747,1,40,0,19,1,12,2,0
102748,0,28,1,19,4,13,0,1
102750,0,32,1,19,1,4,4,0
102751,0,25,0,19,3,13,3,0
102754,0,66,1,19,4,13,3,1
102755,0,31,1,19,2,11,1,0
102756,0,48,1,19,1,9,5,0
102757,0,26,1,19,4,13,1,1
102758,1,25,2,19,4,10,2,0
102759,1,36,2,19,2,9,6,0
102760,0,18,0,19,1,7,5,0
102761,1,18,0,19,1,7,4,0
102762,0,47,1,19,4,9,8,0
102763,0,47,1,19,1,12,5,0
102764,0,79,1,19,4,13,1,1
102765,0,61,1,19,2,9,8,1
102766,0,31,0,19,4,13,3,0
102767,0,51,1,19,2,13,3,1
102768,0,37,1,19,4,9,7,0
102769,0,35,0,19,5,5,9,0
102771,1,20,0,19,4,8,1,0
102772,0,30,1,19,4,7,6,0
102773,0,50,1,18,1,9,1,1
102774,0,53,1,19,4,6,4,0
102775,0,25,0,19,2,12,7,0
102776,1,54,2,19,2,12,2,0
102777,0,21,0,19,4,11,9,0
102778,0,25,4,19,4,12,2,0
102779,0,54,1,19,2,12,6,0
102780,0,58,1,19,4,12,0,0
102781,0,36,1,19,2,9,8,0
102782,0,28,1,19,4,9,8,0
102783,0,59,1,19,2,16,0,1
102785,0,57,1,19,3,9,2,0
102786,0,53,1,19,1,14,3,1
102787,1,38,2,19,4,12,4,0
102788,0,27,1,19,4,13,1,1
102789,0,48,1,19,4,9,7,1
102790,1,40,1,19,4,9,2,1
102792,0,33,1,19,4,9,2,0
102793,1,26,0,19,4,14,0,0
102794,0,59,2,19,4,14,0,1
102795,0,43,4,18,4,9,6,0
102796,0,39,1,19,4,16,3,1
102797,1,62,2,19,3,9,4,0
102798,0,31,0,19,5,9,4,0
102799,0,39,2,19,5,9,2,0
102800,0,30,2,19,4,12,7,0
102801,0,56,1,19,3,12,3,0
102802,1,64,0,19,4,11,0,0
102803,1,25,0,19,2,9,2,0
102804,0,71,1,19,4,13,10,1
102805,1,59,1,19,3,6,3,0
102806,0,39,1,19,4,13,3,1
102807,1,20,0,19,4,9,10,0
102808,1,65,5,19,4,12,4,0
102809,0,20,0,19,5,12,6,0
102810,1,29,0,19,3,12,4,1
102811,0,51,1,18,4,2,8,0
102812,0,42,1,19,2,12,7,0
102813,0,22,2,19,5,6,8,0
102815,0,33,1,16,5,9,1,1
102816,1,42,0,19,3,10,2,0
102817,0,55,1,19,4,13,0,1
102818,1,40,0,19,4,9,4,0
102819,0,31,1,19,2,12,4,0
102820,1,27,0,19,4,9,2,0
102821,0,34,1,19,5,16,0,1
102822,0,19,0,19,5,9,8,0
102823,0,38,1,19,3,12,6,1
102824,0,43,1,12,4,13,3,1
102825,0,63,4,19,4,6,7,0
102826,1,33,0,19,4,6,8,0
102827,0,21,0,19,5,12,10,0
102828,1,36,0,19,2,9,7,0
102829,0,24,0,19,3,9,8,0
102830,0,37,1,19,4,13,3,0
102831,0,39,1,19,4,9,2,0
102832,0,29,1,19,1,10,9,0
102833,0,34,2,19,2,7,8,0
102834,1,18,0,19,2,12,4,0
102835,1,35,0,19,4,10,4,0
102836,1,69,5,19,2,12,5,0
102838,0,53,0,19,2,9,2,0
102839,0,51,1,19,3,4,8,0
102840,0,28,1,19,4,9,8,0
102841,0,56,1,19,5,10,8,1
102842,0,35,1,19,5,5,8,0
102843,0,37,1,19,5,12,7,0
102844,0,58,1,19,3,13,0,0
102845,0,59,1,17,4,13,9,1
102846,1,30,0,19,5,12,6,0
102847,0,41,1,9,4,4,8,0
102848,0,50,2,19,4,12,10,0
102849,0,42,1,19,2,10,3,0
102850,0,33,1,19,4,13,1,1
102851,0,37,1,19,3,9,8,1
102853,1,33,3,19,4,9,4,0
102854,0,60,2,19,4,12,8,1
102855,0,39,1,19,5,9,7,1
102856,1,68,5,19,3,9,4,0
102857,1,41,4,19,2,13,0,0
102858,0,24,0,18,4,1,5,0
102860,0,28,1,19,3,9,4,0
102861,0,40,1,19,4,9,6,0
102862,0,51,2,19,2,10,12,1
102863,1,43,2,19,4,13,2,0
102864,1,41,5,19,5,7,4,0
102865,0,22,1,19,1,12,1,0
102866,1,39,4,19,5,9,7,0
102867,0,23,1,19,2,12,1,0
102868,0,42,1,19,4,13,3,1
102869,0,61,1,19,4,9,10,1
102870,0,34,0,19,4,9,9,0
102871,0,41,2,19,3,13,4,0
102872,0,44,0,19,4,10,12,0
102873,1,53,2,19,3,13,2,0
102874,0,22,0,19,4,9,7,0
102875,1,40,2,19,4,5,4,0
102876,1,53,2,19,4,14,0,0
102877,0,32,1,19,3,9,6,1
102878,0,49,2,19,1,12,12,0
102879,0,32,1,19,4,13,1,0
102880,0,34,1,19,4,12,7,1
102881,0,42,1,19,2,15,0,1
102882,0,61,1,19,4,9,3,1
102883,0,20,1,19,4,9,1,0
102884,1,24,4,19,3,12,2,0
102885,0,29,1,19,4,9,7,0
102886,1,21,0,19,4,12,1,0
102887,1,28,0,19,4,13,12,0
102888,1,45,0,19,4,11,2,0
102889,1,33,2,19,5,12,10,0
102890,1,31,0,19,4,9,4,0
102891,1,21,0,19,4,9,1,0
102892,0,36,1,19,3,5,8,0
102893,1,46,2,19,3,12,2,0
102894,0,35,2,19,4,9,3,0
102895,0,49,4,19,4,6,3,0
102896,1,60,5,19,4,9,9,0
102897,0,35,0,19,5,13,3,0
102899,1,31,1,19,2,9,7,0
102900,0,25,0,19,2,8,4,0
102901,0,55,1,19,2,5,5,0
102902,1,45,2,13,4,12,12,0
102903,0,50,1,19,5,9,7,0
102904,0,26,1,19,4,12,0,0
102905,0,30,4,19,5,4,6,0
102906,0,38,1,17,5,9,7,0
102907,0,64,2,19,4,13,12,0
102908,0,29,0,19,4,8,8,0
102909,0,23,2,19,4,10,12,0
102910,0,52,1,19,3,13,1,1
102911,1,48,0,18,5,13,0,0
102912,0,43,0,19,4,9,8,0
102913,0,39,1,19,3,12,11,0
102914,0,17,0,19,4,6,4,0
102915,0,40,2,19,2,9,8,0
102916,0,19,0,19,4,9,9,0
102918,0,56,1,19,4,9,0,0
102919,0,28,1,19,2,9,8,1
102920,0,29,1,19,2,10,2,0
102921,0,24,1,18,5,9,1,0
102922,1,72,5,19,2,12,12,0
102923,0,57,1,19,1,9,8,0
102924,0,35,1,19,5,9,7,0
102925,0,20,0,19,3,9,2,0
102926,1,77,1,19,5,5,13,0
102927,0,40,0,19,4,12,3,1
102928,0,34,1,19,4,12,7,0
102929,0,48,1,19,4,11,6,0
102930,0,31,0,19,3,9,3,0
102931,0,32,1,19,4,12,1,0
102932,0,54,1,19,3,12,1,0
102933,0,38,2,2,4,12,8,0
102934,1,54,5,19,4,9,9,0
102935,0,64,1,19,4,12,1,0
102937,0,24,0,19,1,13,1,0
102938,1,25,0,19,3,9,2,0
102939,0,33,3,19,4,11,8,0
102940,0,37,2,19,2,9,5,0
102941,0,47,1,19,3,12,3,0
102942,0,32,1,18,4,12,2,0
102943,1,18,0,19,4,7,4,0
102944,0,38,1,19,4,9,8,0
102945,0,38,1,18,4,4,8,0
102946,1,47,1,19,4,9,4,0
102947,0,23,0,19,5,12,10,0
102948,1,76,5,19,2,6,1,0
102949,0,20,0,19,4,12,4,0
102950,0,42,1,19,4,11,8,1
102951,0,32,1,19,3,13,3,1
102952,0,19,0,19,4,12,4,0
102953,1,50,1,19,4,11,1,0
102954,1,21,0,19,3,12,4,0
102955,0,82,1,16,4,9,8,0
102956,0,19,0,19,4,4,2,0
102957,1,54,0,19,4,14,10,0
102958,0,41,4,19,5,8,8,0
102959,0,41,1,8,3,14,0,1
102960,0,39,1,19,4,10,8,0
102961,0,38,1,19,4,13,1,1
102962,0,60,1,19,2,10,12,1
102963,1,46,5,19,4,9,2,0
102964,0,47,1,19,4,12,3,0
102965,0,37,1,19,4,9,8,0
102966,0,27,0,19,4,10,11,0
102967,1,40,1,19,4,15,0,1
102968,0,24,1,19,4,4,8,0
102969,0,42,0,19,4,14,3,1
102970,0,40,0,19,4,13,12,0
102971,0,65,1,19,1,9,8,0
102972,0,40,1,19,4,9,9,0
102973,0,25,0,18,4,12,12,0
102974,1,19,0,19,2,6,4,0
102975,0,31,0,19,2,6,4,0
102976,0,35,0,19,4,9,9,0
102977,1,36,1,19,4,9,4,0
102978,0,60,1,19,4,9,3,1
102979,0,78,1,19,4,13,3,1
102980,1,19,0,19,5,12,2,0
102981,1,43,1,19,4,10,0,1
102982,1,33,0,19,4,10,0,0
102983,0,32,1,19,3,13,7,0
102984,1,30,4,19,2,12,4,0
102985,0,27,0,19,5,9,2,0
102986,0,19,0,19,1,12,0,0
102987,0,51,1,19,5,9,8,1
102988,1,31,4,19,4,9,4,0
102989,0,35,0,19,2,13,1,0
102990,0,35,0,19,4,14,1,0
102991,0,52,1,19,4,9,1,0
102992,0,31,1,19,4,9,8,0
102993,0,69,1,19,3,5,10,0
102994,0,44,1,19,2,9,6,1
102995,1,19,0,19,4,12,4,0
102996,0,17,0,19,2,6,4,0
102997,0,41,1,1,5,13,3,0
102998,0,53,1,19,4,9,3,1
102999,0,55,1,19,2,9,2,1
103000,1,40,2,19,2,9,2,0
